{
  "generatedAt": "2026-05-29T20:03:13.015Z",
  "targetWeightGap": 0.07,
  "ratioTolerance": 0.012,
  "viewportStepPx": 100,
  "total": 13,
  "failed": 0,
  "results": [
    {
      "gapPx": 12.39739990234375,
      "hhmmHeightPx": 177.11248779296875,
      "expectedGapPx": 12.397874145507814,
      "gapErrorPx": -0.00047424316406363687,
      "ratio": 0.06999732236179407,
      "targetWeightGap": 0.07,
      "overlap": false,
      "fontName": "Digital7Mono",
      "dualFont": false,
      "dateBounds": {
        "top": 376.2320861816406,
        "right": 349.0889892578125,
        "bottom": 388.41021728515625,
        "left": 251.1840362548828,
        "width": 97.90495300292969,
        "height": 12.178131103515625
      },
      "hhmmBounds": {
        "top": 400.8076171875,
        "right": 582,
        "bottom": 577.9201049804688,
        "left": 17.999990463256836,
        "width": 564.0000095367432,
        "height": 177.11248779296875
      },
      "viewport": {
        "width": 600,
        "height": 900
      }
    },
    {
      "gapPx": 14.463592529296875,
      "hhmmHeightPx": 206.63125610351562,
      "expectedGapPx": 14.464187927246096,
      "gapErrorPx": -0.0005953979492208106,
      "ratio": 0.06999711854846916,
      "targetWeightGap": 0.07,
      "overlap": false,
      "fontName": "Digital7Mono",
      "dualFont": false,
      "dateBounds": {
        "top": 361.775390625,
        "right": 407.2705383300781,
        "bottom": 375.98321533203125,
        "left": 293.048095703125,
        "width": 114.22244262695312,
        "height": 14.20782470703125
      },
      "hhmmBounds": {
        "top": 390.4468078613281,
        "right": 679.0000610351562,
        "bottom": 597.0780639648438,
        "left": 21.000038146972656,
        "width": 658.0000228881836,
        "height": 206.63125610351562
      },
      "viewport": {
        "width": 700,
        "height": 900
      }
    },
    {
      "gapPx": 16.52984619140625,
      "hhmmHeightPx": 236.14996337890625,
      "expectedGapPx": 16.53049743652344,
      "gapErrorPx": -0.000651245117190058,
      "ratio": 0.06999724223917772,
      "targetWeightGap": 0.07,
      "overlap": false,
      "fontName": "Digital7Mono",
      "dualFont": false,
      "dateBounds": {
        "top": 346.86688232421875,
        "right": 465.4519958496094,
        "bottom": 363.1043701171875,
        "left": 334.9120788574219,
        "width": 130.5399169921875,
        "height": 16.23748779296875
      },
      "hhmmBounds": {
        "top": 379.63421630859375,
        "right": 776,
        "bottom": 615.7841796875,
        "left": 24.00002670288086,
        "width": 751.9999732971191,
        "height": 236.14996337890625
      },
      "viewport": {
        "width": 800,
        "height": 900
      }
    },
    {
      "gapPx": 18.5960693359375,
      "hhmmHeightPx": 265.668701171875,
      "expectedGapPx": 18.596809082031253,
      "gapErrorPx": -0.0007397460937532685,
      "ratio": 0.06999721553163588,
      "targetWeightGap": 0.07,
      "overlap": false,
      "fontName": "Digital7Mono",
      "dualFont": false,
      "dateBounds": {
        "top": 331.1964111328125,
        "right": 523.6334838867188,
        "bottom": 349.463623046875,
        "left": 376.77606201171875,
        "width": 146.857421875,
        "height": 18.2672119140625
      },
      "hhmmBounds": {
        "top": 368.0596923828125,
        "right": 873,
        "bottom": 633.7283935546875,
        "left": 27.000015258789062,
        "width": 845.9999847412109,
        "height": 265.668701171875
      },
      "viewport": {
        "width": 900,
        "height": 900
      }
    },
    {
      "gapPx": 20.66229248046875,
      "hhmmHeightPx": 295.1875,
      "expectedGapPx": 20.663125,
      "gapErrorPx": -0.0008325195312508527,
      "ratio": 0.06999717969246241,
      "targetWeightGap": 0.07,
      "overlap": false,
      "fontName": "Digital7Mono",
      "dualFont": false,
      "dateBounds": {
        "top": 315.1288146972656,
        "right": 581.8150024414062,
        "bottom": 335.42572021484375,
        "left": 418.64007568359375,
        "width": 163.1749267578125,
        "height": 20.296905517578125
      },
      "hhmmBounds": {
        "top": 356.0880126953125,
        "right": 970,
        "bottom": 651.2755126953125,
        "left": 30.000003814697266,
        "width": 939.9999961853027,
        "height": 295.1875
      },
      "viewport": {
        "width": 1000,
        "height": 900
      }
    },
    {
      "gapPx": 22.728515625,
      "hhmmHeightPx": 324.70623779296875,
      "expectedGapPx": 22.729436645507814,
      "gapErrorPx": -0.0009210205078140632,
      "ratio": 0.06999716352690336,
      "targetWeightGap": 0.07,
      "overlap": false,
      "fontName": "Digital7Mono",
      "dualFont": false,
      "dateBounds": {
        "top": 298.2449645996094,
        "right": 639.9964599609375,
        "bottom": 320.571533203125,
        "left": 460.5040588378906,
        "width": 179.49240112304688,
        "height": 22.326568603515625
      },
      "hhmmBounds": {
        "top": 343.300048828125,
        "right": 1067,
        "bottom": 668.0062866210938,
        "left": 32.99999237060547,
        "width": 1034.0000076293945,
        "height": 324.70623779296875
      },
      "viewport": {
        "width": 1100,
        "height": 900
      }
    },
    {
      "gapPx": 24.79473876953125,
      "hhmmHeightPx": 354.2250061035156,
      "expectedGapPx": 24.795750427246094,
      "gapErrorPx": -0.0010116577148444605,
      "ratio": 0.06999714402513257,
      "targetWeightGap": 0.07,
      "overlap": false,
      "fontName": "Digital7Mono",
      "dualFont": false,
      "dateBounds": {
        "top": 281.00811767578125,
        "right": 698.177978515625,
        "bottom": 305.3644104003906,
        "left": 502.3680725097656,
        "width": 195.80990600585938,
        "height": 24.356292724609375
      },
      "hhmmBounds": {
        "top": 330.1591491699219,
        "right": 1164,
        "bottom": 684.3841552734375,
        "left": 35.99998092651367,
        "width": 1128.0000190734863,
        "height": 354.2250061035156
      },
      "viewport": {
        "width": 1200,
        "height": 900
      }
    },
    {
      "gapPx": 26.860992431640625,
      "hhmmHeightPx": 383.7436828613281,
      "expectedGapPx": 26.86205780029297,
      "gapErrorPx": -0.0010653686523447448,
      "ratio": 0.06999722374934123,
      "targetWeightGap": 0.07,
      "overlap": false,
      "fontName": "Digital7Mono",
      "dualFont": false,
      "dateBounds": {
        "top": 262.9108581542969,
        "right": 756.3594970703125,
        "bottom": 289.29681396484375,
        "left": 544.2320556640625,
        "width": 212.12744140625,
        "height": 26.385955810546875
      },
      "hhmmBounds": {
        "top": 316.1578063964844,
        "right": 1261,
        "bottom": 699.9014892578125,
        "left": 39.000030517578125,
        "width": 1221.9999694824219,
        "height": 383.7436828613281
      },
      "viewport": {
        "width": 1300,
        "height": 900
      }
    },
    {
      "gapPx": 28.927215576171875,
      "hhmmHeightPx": 413.262451171875,
      "expectedGapPx": 28.928371582031254,
      "gapErrorPx": -0.0011560058593786948,
      "ratio": 0.06999720273192955,
      "targetWeightGap": 0.07,
      "overlap": false,
      "fontName": "Digital7Mono",
      "dualFont": false,
      "dateBounds": {
        "top": 244.5047149658203,
        "right": 814.541015625,
        "bottom": 272.9203796386719,
        "left": 586.0961303710938,
        "width": 228.44488525390625,
        "height": 28.415664672851562
      },
      "hhmmBounds": {
        "top": 301.84759521484375,
        "right": 1358,
        "bottom": 715.1100463867188,
        "left": 42.00001525878906,
        "width": 1315.999984741211,
        "height": 413.262451171875
      },
      "viewport": {
        "width": 1400,