{
  "generatedAt": "2026-05-24T22:03:48.545Z",
  "targetWeightGap": 0.07,
  "ratioTolerance": 0.012,
  "viewportStepPx": 100,
  "total": 13,
  "failed": 0,
  "results": [
    {
      "gapPx": 12.754119873046875,
      "hhmmHeightPx": 182.23141479492188,
      "expectedGapPx": 12.756199035644533,
      "gapErrorPx": -0.0020791625976581685,
      "ratio": 0.06998859053692802,
      "targetWeightGap": 0.07,
      "overlap": false,
      "fontName": "Digital7Mono",
      "dualFont": false,
      "dateBounds": {
        "top": 377.7829895019531,
        "right": 357.0485534667969,
        "bottom": 390.4716796875,
        "left": 242.95144653320312,
        "width": 114.09710693359375,
        "height": 12.688690185546875
      },
      "hhmmBounds": {
        "top": 403.2257995605469,
        "right": 451.89324951171875,
        "bottom": 585.4572143554688,
        "left": 5.95361328125,
        "width": 445.93963623046875,
        "height": 182.23141479492188
      },
      "viewport": {
        "width": 600,
        "height": 900
      }
    },
    {
      "gapPx": 14.879791259765625,
      "hhmmHeightPx": 212.60333251953125,
      "expectedGapPx": 14.882233276367188,
      "gapErrorPx": -0.0024420166015630684,
      "ratio": 0.06998851374259932,
      "targetWeightGap": 0.07,
      "overlap": false,
      "fontName": "Digital7Mono",
      "dualFont": false,
      "dateBounds": {
        "top": 365.74810791015625,
        "right": 416.5566711425781,
        "bottom": 380.5516052246094,
        "left": 283.443359375,
        "width": 133.11331176757812,
        "height": 14.803497314453125
      },
      "hhmmBounds": {
        "top": 395.431396484375,
        "right": 527.2088012695312,
        "bottom": 608.0347290039062,
        "left": 6.94586181640625,
        "width": 520.262939453125,
        "height": 212.60333251953125
      },
      "viewport": {
        "width": 700,
        "height": 900
      }
    },
    {
      "gapPx": 17.0054931640625,
      "hhmmHeightPx": 242.97518920898438,
      "expectedGapPx": 17.008263244628907,
      "gapErrorPx": -0.0027700805664068184,
      "ratio": 0.06998859932746457,
      "targetWeightGap": 0.07,
      "overlap": false,
      "fontName": "Digital7Mono",
      "dualFont": false,
      "dateBounds": {
        "top": 352.0027770996094,
        "right": 476.0647277832031,
        "bottom": 368.9210510253906,
        "left": 323.93524169921875,
        "width": 152.12948608398438,
        "height": 16.91827392578125
      },
      "hhmmBounds": {
        "top": 385.9265441894531,
        "right": 602.5242919921875,
        "bottom": 628.9017333984375,
        "left": 7.9381103515625,
        "width": 594.586181640625,
        "height": 242.97518920898438
      },
      "viewport": {
        "width": 800,
        "height": 900
      }
    },
    {
      "gapPx": 19.131195068359375,
      "hhmmHeightPx": 273.3470764160156,
      "expectedGapPx": 19.134295349121096,
      "gapErrorPx": -0.003100280761721308,
      "ratio": 0.06998865807967523,
      "targetWeightGap": 0.07,
      "overlap": false,
      "fontName": "Digital7Mono",
      "dualFont": false,
      "dateBounds": {
        "top": 337.1208801269531,
        "right": 535.5728149414062,
        "bottom": 356.1539306640625,
        "left": 364.42718505859375,
        "width": 171.1456298828125,
        "height": 19.033050537109375
      },
      "hhmmBounds": {
        "top": 375.2851257324219,
        "right": 677.8399047851562,
        "bottom": 648.6322021484375,
        "left": 8.930419921875,
        "width": 668.9094848632812,
        "height": 273.3470764160156
      },
      "viewport": {
        "width": 900,
        "height": 900
      }
    },
    {
      "gapPx": 21.256866455078125,
      "hhmmHeightPx": 303.718994140625,
      "expectedGapPx": 21.260329589843753,
      "gapErrorPx": -0.0034631347656279843,
      "ratio": 0.06998859756935709,
      "targetWeightGap": 0.07,
      "overlap": false,
      "fontName": "Digital7Mono",
      "dualFont": false,
      "dateBounds": {
        "top": 321.4290771484375,
        "right": 595.0809326171875,
        "bottom": 342.5769348144531,
        "left": 404.9190979003906,
        "width": 190.16183471679688,
        "height": 21.147857666015625
      },
      "hhmmBounds": {
        "top": 363.83380126953125,
        "right": 753.1554565429688,
        "bottom": 667.5527954101562,
        "left": 9.92266845703125,
        "width": 743.2327880859375,
        "height": 303.718994140625
      },
      "viewport": {
        "width": 1000,
        "height": 900
      }
    },
    {
      "gapPx": 23.382568359375,
      "hhmmHeightPx": 334.09088134765625,
      "expectedGapPx": 23.38636169433594,
      "gapErrorPx": -0.003793334960938921,
      "ratio": 0.06998864579917406,
      "targetWeightGap": 0.07,
      "overlap": false,
      "fontName": "Digital7Mono",
      "dualFont": false,
      "dateBounds": {
        "top": 305.35479736328125,
        "right": 654.5889892578125,
        "bottom": 328.617431640625,
        "left": 445.4109802246094,
        "width": 209.17800903320312,
        "height": 23.26263427734375
      },
      "hhmmBounds": {
        "top": 352,
        "right": 828.470947265625,
        "bottom": 686.0908813476562,
        "left": 10.9149169921875,
        "width": 817.5560302734375,
        "height": 334.09088134765625
      },
      "viewport": {
        "width": 1100,
        "height": 900
      }
    },
    {
      "gapPx": 25.50823974609375,
      "hhmmHeightPx": 364.4627685546875,
      "expectedGapPx": 25.51239379882813,
      "gapErrorPx": -0.004154052734378411,
      "ratio": 0.0699886022576439,
      "targetWeightGap": 0.07,
      "overlap": false,
      "fontName": "Digital7Mono",
      "dualFont": false,
      "dateBounds": {
        "top": 288.4256286621094,
        "right": 714.0971069335938,
        "bottom": 313.80303955078125,
        "left": 485.90289306640625,
        "width": 228.1942138671875,
        "height": 25.377410888671875
      },
      "hhmmBounds": {
        "top": 339.311279296875,
        "right": 903.7864990234375,
        "bottom": 703.7740478515625,
        "left": 11.9072265625,
        "width": 891.8792724609375,
        "height": 364.4627685546875
      },
      "viewport": {
        "width": 1200,
        "height": 900
      }
    },
    {
      "gapPx": 27.6339111328125,
      "hhmmHeightPx": 394.8347473144531,
      "expectedGapPx": 27.638432312011723,
      "gapErrorPx": -0.004521179199223013,
      "ratio": 0.06998854918613427,
      "targetWeightGap": 0.07,
      "overlap": false,
      "fontName": "Digital7Mono",
      "dualFont": false,
      "dateBounds": {
        "top": 271.15899658203125,
        "right": 773.605224609375,
        "bottom": 298.6512145996094,
        "left": 526.3948364257812,
        "width": 247.21038818359375,
        "height": 27.492218017578125
      },
      "hhmmBounds": {
        "top": 326.2851257324219,
        "right": 979.10205078125,
        "bottom": 721.119873046875,
        "left": 12.89947509765625,
        "width": 966.2025756835938,
        "height": 394.8347473144531
      },
      "viewport": {
        "width": 1300,
        "height": 900
      }
    },
    {
      "gapPx": 29.759613037109375,
      "hhmmHeightPx": 425.2066345214844,
      "expectedGapPx": 29.76446441650391,
      "gapErrorPx": -0.00485137939453395,
      "ratio": 0.06998859053692802,
      "targetWeightGap": 0.07,
      "overlap": false,
      "fontName": "Digital7Mono",
      "dualFont": false,
      "dateBounds": {
        "top": 252.99244689941406,
        "right": 833.1133422851562,
        "bottom": 282.59942626953125,
        "left": 566.88671875,
        "width": 266.22662353515625,
        "height": 29.606979370117188
      },
      "hhmmBounds": {
        "top": 312.3590393066406,
        "right": 1054.4176025390625,
        "bottom": 737.565673828125,
        "left": 13.8917236328125,